SHIPMENT_ID,VESSEL_ID,ACTUAL_DEPARTURE,ACTUAL_ARRIVAL,AVG_SPEED_KNOTS,KILOMETRES,FUEL_USED_LITRES,LITRES_PER_24KM
SHP-100-0001,VSL-100,01/15/2025 22:14:00,01/20/2025 22:27:00,11.56,2573.58,107.23,1
SHP-100-0002,VSL-100,10/12/2024 18:07:00,10/15/2024 18:02:00,10.21,1359.75,67.99,1.2
SHP-100-0003,VSL-100,03/24/2025 08:34:00,03/31/2025 03:06:00,12.91,3885.83,161.91,1
SHP-100-0004,VSL-100,03/14/2025 04:23:00,03/21/2025 04:00:00,13.66,4240.19,176.67,1
SHP-100-0005,VSL-100,11/07/2024 14:34:00,11/15/2024 17:31:00,11.71,4227.9,151,0.86
SHP-100-0006,VSL-100,03/28/2025 15:44:00,04/09/2025 00:55:00,10.98,5555.11,198.4,0.86
SHP-100-0007,VSL-100,06/02/2025 03:17:00,06/09/2025 15:33:00,12.59,4203.33,150.12,0.86
SHP-100-0008,VSL-100,01/21/2025 07:01:00,01/26/2025 01:29:00,11.85,2512.07,125.6,1.2
SHP-100-0009,VSL-100,08/20/2025 17:32:00,08/28/2025 01:56:00,13.25,4329.05,180.38,1
SHP-100-0010,VSL-100,06/04/2025 13:05:00,06/08/2025 16:46:00,13.57,2505.09,104.38,1
SHP-100-0011,VSL-100,09/25/2025 04:57:00,10/05/2025 11:57:00,19.87,9089.27,324.62,0.86
SHP-100-0012,VSL-100,10/13/2024 14:27:00,10/20/2024 12:43:00,18.15,5588.6,279.43,1.2
SHP-100-0013,VSL-100,06/12/2025 08:01:00,06/22/2025 02:54:00,18.63,8104.22,405.21,1.2
SHP-100-0014,VSL-100,05/06/2025 22:18:00,05/17/2025 12:25:00,13.25,6235.97,259.83,1
SHP-100-0015,VSL-100,11/23/2024 21:59:00,12/03/2024 20:58:00,17.13,7581.53,270.77,0.86
SHP-100-0016,VSL-100,12/02/2024 03:52:00,12/10/2024 17:27:00,15.23,5798.72,207.1,0.86
SHP-100-0017,VSL-100,01/06/2025 09:43:00,01/17/2025 04:52:00,15.09,7242.13,301.76,1
SHP-100-0018,VSL-100,09/09/2025 11:49:00,09/21/2025 13:00:00,12.29,6582.26,274.26,1
SHP-100-0019,VSL-100,03/26/2025 00:56:00,03/28/2025 06:35:00,16.33,1622.27,67.59,1
SHP-100-0020,VSL-100,05/31/2025 16:27:00,06/09/2025 02:15:00,18.07,6753.45,281.39,1
SHP-100-0021,VSL-100,07/23/2025 23:51:00,07/28/2025 07:35:00,18.61,3575.7,148.99,1
SHP-100-0022,VSL-100,10/08/2024 07:37:00,10/11/2024 16:52:00,12.22,1839.1,65.68,0.86
SHP-100-0023,VSL-100,07/12/2025 06:05:00,07/23/2025 10:08:00,19.72,9789.12,407.88,1
SHP-101-0024,VSL-101,12/04/2024 00:06:00,12/10/2024 15:06:00,12.85,3783.88,157.66,1
SHP-101-0025,VSL-101,07/21/2025 04:55:00,07/27/2025 16:24:00,11.45,3297.07,137.38,1
SHP-101-0026,VSL-101,09/15/2025 08:53:00,09/25/2025 10:08:00,16.72,7470.77,311.28,1
SHP-101-0027,VSL-101,05/17/2025 09:50:00,05/28/2025 16:16:00,15.36,7692.74,274.74,0.86
SHP-101-0028,VSL-101,10/27/2024 08:14:00,10/29/2024 19:22:00,10.41,1140.07,47.5,1
SHP-101-0029,VSL-101,04/07/2025 12:32:00,04/12/2025 19:58:00,11.74,2770.73,115.45,1
SHP-101-0030,VSL-101,04/02/2025 18:43:00,04/10/2025 20:10:00,11.38,4077.23,145.62,0.86
SHP-101-0031,VSL-101,07/11/2025 00:34:00,07/16/2025 09:27:00,15.55,3711.89,154.66,1
SHP-101-0032,VSL-101,08/31/2025 12:16:00,09/03/2025 11:57:00,19,2522.44,90.09,0.86
SHP-101-0033,VSL-101,03/29/2025 18:43:00,04/04/2025 14:51:00,17.8,4619.7,164.99,0.86
SHP-101-0034,VSL-101,06/11/2025 01:26:00,06/22/2025 20:29:00,16.06,8418.88,420.94,1.2
SHP-101-0035,VSL-101,03/07/2025 21:52:00,03/17/2025 07:19:00,12.37,5164.77,258.24,1.2
SHP-101-0036,VSL-101,10/01/2024 23:02:00,10/10/2024 01:46:00,16.58,5979.41,298.97,1.2
SHP-101-0037,VSL-101,01/24/2025 02:41:00,01/29/2025 11:27:00,13.93,3321.78,138.41,1
SHP-101-0038,VSL-101,10/20/2024 12:56:00,10/30/2024 00:34:00,15.77,6648.42,237.44,0.86
SHP-101-0039,VSL-101,12/12/2024 06:41:00,12/15/2024 04:49:00,16.45,2136.94,89.04,1
SHP-101-0040,VSL-101,05/20/2025 02:36:00,05/22/2025 03:01:00,13.7,1228.44,51.18,1
SHP-101-0041,VSL-101,12/19/2024 12:04:00,12/26/2024 22:24:00,18.51,6113.82,218.35,0.86
SHP-101-0042,VSL-101,09/26/2025 15:06:00,09/30/2025 02:06:00,16.96,2606.7,108.61,1
SHP-101-0043,VSL-101,12/22/2024 20:07:00,01/01/2025 18:58:00,15.18,6714.94,239.82,0.86
SHP-101-0044,VSL-101,01/19/2025 19:09:00,01/24/2025 05:21:00,13.59,2672.71,133.64,1.2
SHP-101-0045,VSL-101,08/14/2025 12:22:00,08/24/2025 03:00:00,15.02,6415.71,267.32,1
SHP-101-0046,VSL-101,07/16/2025 11:24:00,07/26/2025 08:37:00,17.96,7890.15,328.76,1
SHP-101-0047,VSL-101,06/24/2025 22:26:00,07/01/2025 01:18:00,10.36,2817.81,117.41,1
SHP-102-0048,VSL-102,03/14/2025 11:35:00,03/20/2025 15:31:00,15.91,4358.83,181.62,1
SHP-102-0049,VSL-102,03/21/2025 10:47:00,04/02/2025 17:07:00,10.52,5734.46,238.94,1
SHP-102-0050,VSL-102,09/17/2025 01:36:00,09/21/2025 05:24:00,17.26,3190.2,113.94,0.86
SHP-102-0051,VSL-102,11/19/2024 09:45:00,11/21/2024 13:54:00,14.39,1389.94,69.5,1.2
SHP-102-0052,VSL-102,07/31/2025 04:45:00,08/10/2025 15:29:00,14.09,6542.57,272.61,1
SHP-102-0053,VSL-102,09/01/2025 15:42:00,09/05/2025 20:02:00,16.6,3084.42,154.22,1.2
SHP-102-0054,VSL-102,09/25/2025 03:42:00,10/03/2025 08:57:00,14.2,5187.51,259.38,1.2
SHP-102-0055,VSL-102,12/01/2024 22:55:00,12/04/2024 20:22:00,10.46,1345.27,56.05,1
SHP-102-0056,VSL-102,01/27/2025 07:04:00,02/01/2025 13:08:00,14.74,3441.55,172.08,1.2
SHP-102-0057,VSL-102,01/17/2025 05:42:00,01/24/2025 18:19:00,16.16,5405.58,193.06,0.86
SHP-102-0058,VSL-102,11/14/2024 13:36:00,11/21/2024 20:58:00,15.03,4881.63,174.34,0.86
SHP-102-0059,VSL-102,07/10/2025 17:22:00,07/18/2025 04:58:00,15.86,5275.11,188.4,0.86
SHP-102-0060,VSL-102,10/18/2024 06:37:00,10/26/2024 20:56:00,14.58,5570.98,232.12,1
SHP-102-0061,VSL-102,10/28/2024 02:50:00,11/04/2024 07:34:00,11.96,3826.18,159.42,1
SHP-102-0062,VSL-102,01/28/2025 21:34:00,02/06/2025 04:53:00,10.94,4038.19,168.26,1
SHP-102-0063,VSL-102,02/25/2025 03:43:00,03/01/2025 06:55:00,18.14,3332.63,166.63,1.2
SHP-102-0064,VSL-102,01/20/2025 05:38:00,01/25/2025 17:27:00,18.77,4582.18,190.92,1
SHP-102-0065,VSL-102,03/21/2025 16:45:00,03/31/2025 16:25:00,14.13,6271.97,261.33,1
SHP-102-0066,VSL-102,11/03/2024 01:40:00,11/09/2024 07:19:00,18.58,5149.91,214.58,1
SHP-102-0067,VSL-102,01/29/2025 18:08:00,02/05/2025 19:29:00,13.2,4139.86,147.85,0.86
SHP-102-0068,VSL-102,05/26/2025 08:09:00,05/29/2025 21:33:00,10.91,1725.65,86.28,1.2
SHP-103-0069,VSL-103,01/03/2025 18:58:00,01/09/2025 18:46:00,12.93,3443.27,122.97,0.86
SHP-103-0070,VSL-103,03/15/2025 04:43:00,03/20/2025 09:40:00,17.9,4142.4,207.12,1.2
SHP-103-0071,VSL-103,11/21/2024 18:06:00,12/01/2024 14:35:00,11.17,4891.91,203.83,1
SHP-103-0072,VSL-103,08/13/2025 15:32:00,08/23/2025 16:02:00,10.84,4828.15,172.43,0.86
SHP-103-0073,VSL-103,08/31/2025 17:34:00,09/09/2025 14:50:00,10.85,4285.51,153.05,0.86
SHP-103-0074,VSL-103,07/30/2025 06:17:00,08/09/2025 02:51:00,18.13,7943.19,397.16,1.2
SHP-103-0075,VSL-103,01/19/2025 18:10:00,01/24/2025 23:51:00,14.24,3314.22,138.09,1
SHP-103-0076,VSL-103,11/28/2024 09:10:00,12/03/2024 08:21:00,14.69,3242.41,135.1,1
SHP-103-0077,VSL-103,04/29/2025 20:27:00,05/08/2025 20:08:00,13.75,5492.62,228.86,1
SHP-103-0078,VSL-103,05/15/2025 16:41:00,05/19/2025 02:28:00,19.7,2983.58,106.56,0.86
SHP-103-0079,VSL-103,01/25/2025 04:54:00,02/02/2025 20:12:00,16.96,6511.49,271.31,1
SHP-103-0080,VSL-103,12/25/2024 04:36:00,12/31/2024 07:10:00,19.01,5160.25,184.29,0.86
SHP-103-0081,VSL-103,12/03/2024 22:35:00,12/13/2024 13:28:00,15.84,6773.49,338.67,1.2
SHP-103-0082,VSL-103,06/07/2025 20:33:00,06/15/2025 18:01:00,15.36,5389.74,224.57,1
SHP-103-0083,VSL-103,12/22/2024 00:46:00,12/31/2024 17:33:00,19.5,8407.22,350.3,1
SHP-103-0084,VSL-103,11/01/2024 18:26:00,11/12/2024 06:42:00,10.45,4882.09,174.36,0.86
SHP-103-0085,VSL-103,06/10/2025 17:37:00,06/15/2025 06:03:00,13.81,2773.16,115.55,1
SHP-103-0086,VSL-103,08/23/2025 03:49:00,08/24/2025 23:36:00,14.69,1191.53,49.65,1
SHP-103-0087,VSL-103,12/24/2024 19:57:00,01/03/2025 03:01:00,19.97,8250.02,343.75,1
SHP-103-0088,VSL-103,08/15/2025 05:06:00,08/19/2025 05:14:00,18.5,3293.81,137.24,1
SHP-103-0089,VSL-103,06/21/2025 06:46:00,06/29/2025 14:19:00,16.72,6178.9,308.94,1.2
SHP-103-0090,VSL-103,06/28/2025 13:40:00,07/06/2025 09:48:00,17.72,6174.35,257.26,1
SHP-103-0091,VSL-103,04/25/2025 22:16:00,05/05/2025 07:58:00,11.34,4740.16,169.29,0.86
SHP-103-0092,VSL-103,08/27/2025 01:40:00,09/04/2025 09:54:00,12.13,4498,187.42,1
SHP-103-0093,VSL-103,09/12/2025 10:55:00,09/22/2025 16:15:00,17.84,8105.67,337.74,1
SHP-103-0094,VSL-103,08/11/2025 01:18:00,08/22/2025 06:33:00,19.27,9609.06,400.38,1
SHP-103-0095,VSL-103,08/28/2025 00:18:00,09/02/2025 22:18:00,16.33,4294.89,178.95,1
SHP-103-0096,VSL-103,07/19/2025 05:51:00,07/28/2025 17:14:00,11.52,4851.16,202.13,1
SHP-103-0097,VSL-103,02/04/2025 01:32:00,02/08/2025 08:05:00,14.74,2799.48,116.65,1
SHP-103-0098,VSL-103,09/07/2025 17:14:00,09/14/2025 05:58:00,11.69,3393.14,141.38,1
SHP-103-0099,VSL-103,07/07/2025 10:38:00,07/15/2025 15:57:00,12.06,4406.82,157.39,0.86
SHP-103-0100,VSL-103,08/04/2025 21:02:00,08/06/2025 23:33:00,10.39,971.94,34.71,0.86
SHP-104-0101,VSL-104,04/25/2025 09:02:00,05/02/2025 10:23:00,12.77,4005.46,143.05,0.86
SHP-104-0102,VSL-104,01/28/2025 05:36:00,02/03/2025 06:20:00,12.09,3240.71,135.03,1
SHP-104-0103,VSL-104,07/14/2025 18:43:00,07/24/2025 05:55:00,10.37,4363.54,181.81,1
SHP-104-0104,VSL-104,12/15/2024 06:20:00,12/21/2024 11:54:00,15.12,4188.43,174.52,1
SHP-104-0105,VSL-104,10/22/2024 03:35:00,11/01/2024 04:16:00,12.69,5656.59,282.83,1.2
SHP-104-0106,VSL-104,10/05/2024 12:33:00,10/12/2024 02:15:00,13.27,3875.42,161.48,1
SHP-104-0107,VSL-104,08/31/2025 15:49:00,09/09/2025 10:59:00,15.87,6206.78,258.62,1
SHP-104-0108,VSL-104,11/28/2024 01:34:00,12/04/2024 02:23:00,12.84,3443.73,143.49,1
SHP-104-0109,VSL-104,09/18/2025 18:08:00,09/28/2025 08:22:00,12.37,5274.31,219.76,1
SHP-104-0110,VSL-104,07/15/2025 05:21:00,07/18/2025 10:45:00,11.61,1664.19,59.44,0.86
SHP-104-0111,VSL-104,11/01/2024 07:41:00,11/07/2024 02:22:00,19.82,5091.05,212.13,1
SHP-104-0112,VSL-104,03/24/2025 18:20:00,04/02/2025 23:16:00,18.66,7634.88,272.67,0.86
SHP-104-0113,VSL-104,06/25/2025 00:54:00,06/30/2025 03:26:00,15.72,3567.32,178.37,1.2
SHP-104-0114,VSL-104,04/30/2025 09:02:00,05/05/2025 15:12:00,13.24,3093.29,154.66,1.2
SHP-104-0115,VSL-104,12/04/2024 05:53:00,12/10/2024 17:29:00,15.81,4556.15,189.84,1
SHP-104-0116,VSL-104,04/01/2025 00:21:00,04/07/2025 18:14:00,13.37,4008.42,200.42,1.2
SHP-104-0117,VSL-104,11/01/2024 08:53:00,11/04/2024 17:49:00,14.12,2116.43,105.82,1.2
SHP-104-0118,VSL-104,12/28/2024 19:54:00,12/31/2024 01:15:00,19.65,1940.93,69.32,0.86
SHP-104-0119,VSL-104,06/11/2025 05:46:00,06/20/2025 03:15:00,17.41,6883.38,344.17,1.2
SHP-104-0120,VSL-104,04/01/2025 13:42:00,04/08/2025 13:36:00,17.95,5581.51,232.56,1
SHP-104-0121,VSL-104,03/10/2025 00:35:00,03/19/2025 01:28:00,13.59,5458.9,272.94,1.2
SHP-104-0122,VSL-104,01/31/2025 02:13:00,02/06/2025 15:25:00,13.77,4008.86,200.44,1.2
SHP-104-0123,VSL-104,10/22/2024 01:15:00,10/27/2024 12:26:00,13.84,3362.49,140.1,1
SHP-104-0124,VSL-104,10/21/2024 01:34:00,10/26/2024 02:21:00,11.17,2498.44,89.23,0.86
SHP-104-0125,VSL-104,06/02/2025 11:54:00,06/08/2025 15:57:00,15.33,4203.46,175.14,1
SHP-104-0126,VSL-104,12/27/2024 11:05:00,12/30/2024 09:29:00,13.12,1710.87,71.29,1
SHP-104-0127,VSL-104,09/27/2025 23:21:00,10/04/2025 08:37:00,18.77,5327.56,266.38,1.2
SHP-104-0128,VSL-104,01/03/2025 19:35:00,01/12/2025 21:26:00,11.27,4547.05,227.35,1.2
SHP-104-0129,VSL-104,10/28/2024 05:20:00,11/04/2024 01:32:00,16.94,5151.3,183.98,0.86
SHP-104-0130,VSL-104,10/01/2024 22:03:00,10/09/2024 11:14:00,15.83,5311.96,221.33,1
SHP-104-0131,VSL-104,11/27/2024 22:22:00,12/06/2024 17:13:00,15.06,5880.87,245.04,1
SHP-105-0132,VSL-105,09/03/2025 18:36:00,09/08/2025 19:55:00,19.32,4340.62,180.86,1
SHP-105-0133,VSL-105,02/01/2025 09:26:00,02/13/2025 01:09:00,14.24,7376.54,263.45,0.86
SHP-105-0134,VSL-105,10/15/2024 14:15:00,10/19/2024 21:35:00,11.13,2129.97,88.75,1
SHP-105-0135,VSL-105,08/24/2025 22:59:00,09/04/2025 09:32:00,10.05,4663.19,233.16,1.2
SHP-105-0136,VSL-105,09/04/2025 03:41:00,09/08/2025 09:52:00,19.2,3633.58,151.4,1
SHP-105-0137,VSL-105,02/05/2025 17:18:00,02/15/2025 15:01:00,14.52,6392.81,266.37,1
SHP-105-0138,VSL-105,04/28/2025 22:19:00,05/01/2025 03:13:00,14.19,1390.21,57.93,1
SHP-105-0139,VSL-105,07/18/2025 01:20:00,07/21/2025 01:54:00,16.64,2236.44,93.19,1
SHP-105-0140,VSL-105,12/04/2024 10:46:00,12/10/2024 18:01:00,14.15,3963.79,198.19,1.2
SHP-105-0141,VSL-105,02/23/2025 16:46:00,03/03/2025 23:35:00,12.05,4436.94,221.85,1.2
SHP-105-0142,VSL-105,10/31/2024 12:19:00,11/08/2024 18:09:00,15.65,5733.87,238.91,1
SHP-105-0143,VSL-105,03/29/2025 01:31:00,04/04/2025 07:00:00,11.55,3197.64,133.23,1
SHP-105-0144,VSL-105,06/21/2025 08:07:00,07/01/2025 10:55:00,12.71,5715.17,238.13,1
SHP-105-0145,VSL-105,01/05/2025 22:57:00,01/15/2025 12:19:00,10.27,4362.49,181.77,1
SHP-105-0146,VSL-105,12/31/2024 23:41:00,01/09/2025 12:38:00,11.04,4190.45,149.66,0.86
SHP-105-0147,VSL-105,08/19/2025 05:22:00,08/27/2025 17:59:00,17.22,6525.64,271.9,1
SHP-105-0148,VSL-105,09/17/2025 07:18:00,09/25/2025 00:32:00,12.05,4134.02,172.25,1
SHP-105-0149,VSL-105,06/04/2025 23:51:00,06/10/2025 08:53:00,10.27,2454.16,87.65,0.86
SHP-105-0150,VSL-105,08/03/2025 02:33:00,08/12/2025 07:45:00,18.93,7755.04,323.13,1
SHP-105-0151,VSL-105,07/18/2025 04:08:00,07/26/2025 07:58:00,12.68,4599.01,229.95,1.2
SHP-105-0152,VSL-105,04/13/2025 19:58:00,04/21/2025 10:07:00,12.94,4365.22,181.88,1
SHP-105-0153,VSL-105,01/23/2025 09:11:00,02/01/2025 17:06:00,16.33,6772.06,241.86,0.86
SHP-105-0154,VSL-105,12/27/2024 10:33:00,01/04/2025 21:23:00,15.26,5732.7,238.86,1
SHP-105-0155,VSL-105,04/27/2025 03:26:00,04/30/2025 10:08:00,15.77,2298.52,114.93,1.2
SHP-105-0156,VSL-105,06/20/2025 02:34:00,06/25/2025 07:06:00,12.06,2781.48,115.89,1
SHP-105-0157,VSL-105,12/25/2024 19:23:00,12/29/2024 13:10:00,13.83,2299.73,95.82,1
SHP-105-0158,VSL-105,03/08/2025 13:49:00,03/11/2025 18:44:00,17.38,2475.69,103.15,1
SHP-105-0159,VSL-105,11/22/2024 15:09:00,11/30/2024 23:18:00,17.19,6372.12,265.5,1
SHP-105-0160,VSL-105,06/12/2025 08:01:00,06/16/2025 12:21:00,17.33,3219.96,134.17,1
SHP-105-0161,VSL-105,06/26/2025 01:50:00,07/03/2025 07:36:00,17.71,5699.57,237.48,1
SHP-105-0162,VSL-105,02/20/2025 10:42:00,03/03/2025 03:49:00,16.88,8038.07,334.92,1
SHP-105-0163,VSL-105,11/17/2024 14:26:00,11/26/2024 11:43:00,12.72,5024.49,209.35,1
SHP-106-0164,VSL-106,11/18/2024 20:01:00,11/24/2024 06:47:00,11.37,2753.66,114.74,1
SHP-106-0165,VSL-106,07/28/2025 20:25:00,08/04/2025 02:45:00,16.92,4710.76,168.24,0.86
SHP-106-0166,VSL-106,04/28/2025 16:10:00,05/06/2025 16:22:00,19.88,7076.85,353.84,1.2
SHP-106-0167,VSL-106,10/06/2024 19:19:00,10/14/2024 12:35:00,16.97,5822.65,242.61,1
SHP-106-0168,VSL-106,01/12/2025 06:29:00,01/14/2025 08:47:00,14.74,1373.01,49.04,0.86
SHP-106-0169,VSL-106,07/30/2025 01:28:00,08/06/2025 05:42:00,15.96,5090.69,181.81,0.86
SHP-106-0170,VSL-106,10/17/2024 15:38:00,10/28/2024 12:41:00,13.4,6478.5,269.94,1
SHP-106-0171,VSL-106,06/24/2025 14:22:00,06/28/2025 16:37:00,18.86,3431.68,142.99,1
SHP-106-0172,VSL-106,05/25/2025 07:07:00,05/29/2025 08:00:00,18.7,3355.18,119.83,0.86
SHP-106-0173,VSL-106,04/25/2025 07:07:00,05/01/2025 14:33:00,14.02,3932.13,163.84,1
SHP-106-0174,VSL-106,06/12/2025 07:53:00,06/23/2025 11:39:00,17.68,8767.33,365.31,1
SHP-106-0175,VSL-106,02/09/2025 17:55:00,02/18/2025 16:26:00,13.55,5383.11,224.3,1
SHP-106-0176,VSL-106,06/24/2025 15:11:00,07/03/2025 15:33:00,10.18,4079.2,145.69,0.86
SHP-106-0177,VSL-106,11/20/2024 14:55:00,11/30/2024 20:32:00,17.86,8124.24,338.51,1
SHP-106-0178,VSL-106,09/05/2025 05:37:00,09/13/2025 20:39:00,14.67,5624.88,234.37,1
SHP-106-0179,VSL-106,11/10/2024 02:24:00,11/20/2024 17:47:00,16.08,7605.17,380.26,1.2
SHP-106-0180,VSL-106,05/05/2025 00:55:00,05/12/2025 03:32:00,12.2,3854.89,137.67,0.86
SHP-106-0181,VSL-106,09/26/2025 17:53:00,10/02/2025 22:48:00,18.84,5195.7,216.49,1
SHP-106-0182,VSL-106,10/03/2024 04:59:00,10/09/2024 18:43:00,16.96,4954.18,176.94,0.86
SHP-106-0183,VSL-106,07/15/2025 15:01:00,07/18/2025 01:15:00,15.8,1704.37,85.22,1.2
SHP-106-0184,VSL-106,11/30/2024 22:15:00,12/08/2024 04:24:00,11.3,3644.52,182.23,1.2
SHP-107-0185,VSL-107,07/21/2025 00:27:00,07/24/2025 12:38:00,13.73,2140.3,89.18,1
SHP-107-0186,VSL-107,05/24/2025 15:28:00,06/02/2025 21:01:00,10.81,4435.5,184.81,1
SHP-107-0187,VSL-107,03/17/2025 03:17:00,03/20/2025 05:14:00,15.92,2179.93,109,1.2
SHP-107-0188,VSL-107,03/03/2025 16:01:00,03/05/2025 12:14:00,15.66,1282.64,53.44,1
SHP-107-0189,VSL-107,01/08/2025 09:11:00,01/14/2025 08:46:00,18.67,4965.19,206.88,1
SHP-107-0190,VSL-107,07/01/2025 10:44:00,07/07/2025 11:48:00,16.19,4349.8,181.24,1
SHP-107-0191,VSL-107,10/08/2024 11:15:00,10/17/2024 07:23:00,18.26,7173.75,256.21,0.86
SHP-107-0192,VSL-107,06/06/2025 17:28:00,06/15/2025 14:11:00,18.32,7216.99,360.85,1.2
SHP-107-0193,VSL-107,08/08/2025 06:16:00,08/18/2025 01:53:00,12.6,5498.4,274.92,1.2
SHP-107-0194,VSL-107,03/19/2025 05:16:00,03/27/2025 15:08:00,17.61,6583.64,274.32,1
SHP-107-0195,VSL-107,02/07/2025 06:31:00,02/11/2025 11:30:00,11.03,2062.64,85.94,1
SHP-107-0196,VSL-107,08/15/2025 06:24:00,08/19/2025 03:15:00,13.01,2237.16,93.21,1
SHP-107-0197,VSL-107,07/28/2025 01:37:00,08/06/2025 12:33:00,18.72,7868.07,327.84,1
SHP-107-0198,VSL-107,09/25/2025 03:22:00,10/03/2025 23:01:00,17.58,6891.33,344.57,1.2
SHP-107-0199,VSL-107,03/21/2025 14:57:00,03/30/2025 15:33:00,14.51,5820.29,291.01,1.2
SHP-107-0200,VSL-107,03/29/2025 03:42:00,04/07/2025 09:49:00,12.21,5022.49,209.27,1
SHP-107-0201,VSL-107,05/19/2025 14:30:00,05/30/2025 04:15:00,14.32,6729.71,280.4,1
SHP-107-0202,VSL-107,05/10/2025 23:15:00,05/16/2025 12:32:00,12.74,3144.47,112.3,0.86
SHP-107-0203,VSL-107,08/12/2025 03:29:00,08/19/2025 00:40:00,10.31,3153.96,112.64,0.86
SHP-107-0204,VSL-107,07/02/2025 17:56:00,07/12/2025 06:30:00,19.68,8331.18,416.56,1.2
SHP-107-0205,VSL-107,09/22/2025 15:06:00,09/28/2025 14:19:00,17.61,4670.95,194.62,1
SHP-108-0206,VSL-108,11/06/2024 12:26:00,11/18/2024 03:26:00,16.17,8355.58,298.41,0.86
SHP-108-0207,VSL-108,11/01/2024 11:03:00,11/05/2024 17:28:00,14.3,2712.26,96.87,0.86
SHP-108-0208,VSL-108,07/03/2025 06:42:00,07/06/2025 15:41:00,12.69,1903.33,79.31,1
SHP-108-0209,VSL-108,06/30/2025 16:59:00,07/11/2025 06:08:00,14.8,6938.57,247.81,0.86
SHP-108-0210,VSL-108,12/09/2024 21:40:00,12/15/2024 12:09:00,17.8,4433.6,158.34,0.86
SHP-108-0211,VSL-108,01/23/2025 17:53:00,01/27/2025 01:58:00,14.99,2223.59,92.65,1
SHP-108-0212,VSL-108,02/08/2025 20:17:00,02/12/2025 19:43:00,10.1,1785.23,74.38,1
SHP-108-0213,VSL-108,03/19/2025 18:27:00,03/22/2025 01:49:00,10.79,1106.31,46.1,1
SHP-108-0214,VSL-108,07/18/2025 15:37:00,07/27/2025 18:56:00,16.89,6860.4,285.85,1
SHP-108-0215,VSL-108,06/21/2025 06:17:00,06/30/2025 11:08:00,17.06,6977.72,290.74,1
SHP-108-0216,VSL-108,08/14/2025 11:12:00,08/19/2025 18:23:00,17.09,4025.15,167.71,1
SHP-108-0217,VSL-108,04/05/2025 19:03:00,04/12/2025 18:12:00,10.8,3343.58,139.32,1
SHP-108-0218,VSL-108,11/02/2024 14:20:00,11/07/2024 04:05:00,16.44,3341.24,139.22,1
SHP-108-0219,VSL-108,08/13/2025 22:57:00,08/23/2025 20:57:00,18.72,8251.78,343.82,1
SHP-108-0220,VSL-108,02/23/2025 11:17:00,02/28/2025 03:52:00,17.9,3732.26,186.61,1.2
SHP-108-0221,VSL-108,07/05/2025 10:16:00,07/15/2025 01:49:00,16.5,7076.08,294.84,1
SHP-108-0222,VSL-108,08/19/2025 13:22:00,08/25/2025 01:34:00,14.63,3581.99,149.25,1
SHP-108-0223,VSL-108,10/08/2024 12:02:00,10/14/2024 11:55:00,13.71,3653.39,130.48,0.86
SHP-108-0224,VSL-108,01/21/2025 03:09:00,01/26/2025 00:35:00,15.79,3434.39,143.1,1
SHP-108-0225,VSL-108,08/21/2025 22:20:00,08/31/2025 03:51:00,14.22,5834.03,243.08,1
SHP-108-0226,VSL-108,11/25/2024 19:20:00,12/02/2024 00:05:00,16.23,4470.89,186.29,1
SHP-108-0227,VSL-108,06/16/2025 02:58:00,06/19/2025 16:49:00,12.38,1968.29,98.41,1.2
SHP-108-0228,VSL-108,09/05/2025 00:12:00,09/14/2025 19:18:00,12.47,5429.42,226.23,1
SHP-108-0229,VSL-108,08/03/2025 05:43:00,08/06/2025 07:13:00,11.64,1584.65,79.23,1.2
SHP-108-0230,VSL-108,02/14/2025 18:21:00,02/24/2025 23:47:00,16.57,7531.72,313.82,1
SHP-108-0231,VSL-108,11/22/2024 05:44:00,11/27/2024 10:46:00,15.2,3519.43,146.64,1
SHP-108-0232,VSL-108,08/04/2025 09:37:00,08/10/2025 03:44:00,16.17,4136.17,172.34,1
SHP-108-0233,VSL-108,04/29/2025 17:25:00,05/08/2025 21:44:00,16.64,6789.41,282.89,1
SHP-108-0234,VSL-108,06/12/2025 15:33:00,06/19/2025 18:54:00,15.85,5029.72,209.57,1
SHP-108-0235,VSL-108,02/09/2025 13:17:00,02/13/2025 20:33:00,19.37,3704.83,132.32,0.86
SHP-109-0236,VSL-109,03/14/2025 15:05:00,03/17/2025 23:22:00,19.34,2875.7,119.82,1
SHP-109-0237,VSL-109,10/31/2024 22:04:00,11/08/2024 14:06:00,10.05,3425.47,142.73,1
SHP-109-0238,VSL-109,06/26/2025 02:29:00,07/04/2025 23:04:00,14.55,5728.17,204.58,0.86
SHP-109-0239,VSL-109,08/04/2025 04:47:00,08/06/2025 19:58:00,17.05,1995.47,83.14,1
SHP-109-0240,VSL-109,08/26/2025 10:35:00,09/04/2025 22:02:00,10.94,4608.4,164.59,0.86
SHP-109-0241,VSL-109,10/13/2024 09:58:00,10/19/2024 09:19:00,19.45,5163.75,258.19,1.2
SHP-109-0242,VSL-109,11/23/2024 13:36:00,12/03/2024 17:14:00,18.69,8432.95,421.65,1.2
SHP-109-0243,VSL-109,07/13/2025 19:15:00,07/18/2025 05:23:00,16.59,3261.03,163.05,1.2
SHP-109-0244,VSL-109,07/29/2025 01:00:00,08/05/2025 01:04:00,19.99,6222.37,259.27,1
SHP-109-0245,VSL-109,09/22/2025 01:35:00,10/01/2025 02:12:00,18.79,7538.23,269.22,0.86
SHP-109-0246,VSL-109,06/22/2025 17:57:00,06/30/2025 21:42:00,17.62,6387.32,319.37,1.2
SHP-109-0247,VSL-109,08/27/2025 10:42:00,09/02/2025 09:23:00,13.25,3501.12,145.88,1
SHP-109-0248,VSL-109,12/18/2024 03:37:00,12/23/2024 06:46:00,12.38,2823.86,141.19,1.2
SHP-109-0249,VSL-109,08/09/2025 03:54:00,08/19/2025 13:18:00,14.63,6757.28,337.86,1.2
SHP-109-0250,VSL-109,03/09/2025 17:14:00,03/18/2025 12:52:00,10.26,4021.28,201.06,1.2
SHP-109-0251,VSL-109,10/29/2024 20:13:00,11/08/2024 01:34:00,17.65,7235.11,301.46,1
SHP-109-0252,VSL-109,11/20/2024 06:25:00,11/28/2024 03:44:00,10.18,3569.12,148.71,1
SHP-109-0253,VSL-109,12/03/2024 19:38:00,12/08/2024 02:13:00,19.34,3674.75,183.74,1.2
SHP-109-0254,VSL-109,12/16/2024 03:53:00,12/26/2024 08:13:00,12.57,5688.22,237.01,1
SHP-109-0255,VSL-109,05/14/2025 12:29:00,05/18/2025 22:04:00,17.16,3355.46,119.84,0.86
SHP-109-0256,VSL-109,09/01/2025 09:59:00,09/03/2025 15:57:00,16.81,1680.23,70.01,1
SHP-109-0257,VSL-109,06/05/2025 23:06:00,06/08/2025 15:07:00,19.63,2327.38,116.37,1.2
SHP-109-0258,VSL-109,01/04/2025 02:13:00,01/12/2025 03:05:00,10.43,3725.46,155.23,1
SHP-109-0259,VSL-109,03/30/2025 10:08:00,04/04/2025 11:51:00,12.28,2768.33,115.35,1
SHP-109-0260,VSL-109,07/23/2025 06:27:00,07/30/2025 12:11:00,18.4,5920.29,211.44,0.86
SHP-109-0261,VSL-109,01/13/2025 00:22:00,01/22/2025 13:05:00,14.24,6031.79,251.32,1
SHP-109-0262,VSL-109,09/02/2025 02:44:00,09/07/2025 18:24:00,11.68,2934.8,146.74,1.2
SHP-109-0263,VSL-109,12/01/2024 16:19:00,12/11/2024 04:36:00,16.07,6794.18,242.65,0.86
SHP-110-0264,VSL-110,03/02/2025 17:50:00,03/12/2025 20:06:00,15.94,7151.94,298,1
SHP-110-0265,VSL-110,10/20/2024 17:24:00,10/26/2024 21:03:00,17.18,4697.88,234.89,1.2
SHP-110-0266,VSL-110,11/11/2024 20:15:00,11/19/2024 19:56:00,11.04,3919.24,163.3,1
SHP-110-0267,VSL-110,03/05/2025 10:58:00,03/07/2025 16:49:00,18.94,1888.82,78.7,1
SHP-110-0268,VSL-110,02/27/2025 22:54:00,03/10/2025 10:12:00,10.69,4975.11,207.3,1
SHP-110-0269,VSL-110,11/07/2024 16:44:00,11/15/2024 13:37:00,18.8,6576.27,274.01,1
SHP-110-0270,VSL-110,11/26/2024 01:03:00,12/01/2024 11:14:00,16.69,4023.85,167.66,1
SHP-110-0271,VSL-110,11/23/2024 06:01:00,12/01/2024 15:49:00,16.9,6316.32,315.82,1.2
SHP-110-0272,VSL-110,09/27/2025 17:24:00,10/04/2025 23:49:00,17.56,5672.25,283.61,1.2
SHP-110-0273,VSL-110,08/18/2025 21:20:00,08/29/2025 06:47:00,11.52,5322.16,266.11,1.2
SHP-110-0274,VSL-110,02/06/2025 20:30:00,02/10/2025 03:43:00,15.21,2231.82,111.59,1.2
SHP-110-0275,VSL-110,06/12/2025 18:27:00,06/19/2025 08:32:00,10.36,3032.98,126.37,1
SHP-110-0276,VSL-110,08/16/2025 00:04:00,08/21/2025 04:53:00,10.88,2514.95,104.79,1
SHP-110-0277,VSL-110,06/26/2025 02:41:00,07/01/2025 11:09:00,15.16,3606.85,150.29,1
SHP-110-0278,VSL-110,11/23/2024 20:03:00,12/03/2024 18:26:00,18.51,8171.9,340.5,1
SHP-110-0279,VSL-110,12/07/2024 04:44:00,12/16/2024 08:20:00,18.06,7344.86,306.04,1
SHP-110-0280,VSL-110,01/04/2025 21:12:00,01/10/2025 19:31:00,14.03,3698.03,154.08,1
SHP-110-0281,VSL-110,01/21/2025 07:24:00,01/27/2025 18:23:00,18.62,5344.42,267.22,1.2
SHP-110-0282,VSL-110,09/28/2025 14:33:00,10/05/2025 02:08:00,11.75,3385.7,141.07,1
SHP-110-0283,VSL-110,02/11/2025 20:38:00,02/16/2025 03:56:00,10.26,1962.76,81.78,1
SHP-110-0284,VSL-110,06/12/2025 23:39:00,06/19/2025 09:38:00,14.32,4083.57,145.84,0.86
SHP-110-0285,VSL-110,06/28/2025 04:03:00,07/04/2025 17:18:00,16.2,4718.06,196.59,1
SHP-110-0286,VSL-110,06/17/2025 23:07:00,06/29/2025 07:27:00,14.6,7363.65,262.99,0.86
SHP-110-0287,VSL-110,06/22/2025 10:02:00,06/27/2025 03:18:00,13.03,2733.23,113.88,1
SHP-110-0288,VSL-110,09/28/2025 22:20:00,10/08/2025 04:27:00,15.09,6207.33,258.64,1
SHP-110-0289,VSL-110,01/19/2025 21:45:00,01/21/2025 21:19:00,11.31,996.66,41.53,1
SHP-110-0290,VSL-110,03/12/2025 11:36:00,03/16/2025 10:47:00,13.68,2411.57,100.48,1
SHP-110-0291,VSL-110,09/29/2025 21:03:00,10/07/2025 11:35:00,14.81,5006.42,178.8,0.86
SHP-110-0292,VSL-110,01/19/2025 09:25:00,01/28/2025 15:51:00,15.35,6323.59,225.84,0.86
SHP-110-0293,VSL-110,12/14/2024 20:35:00,12/18/2024 04:37:00,14.88,2205.69,110.28,1.2
SHP-110-0294,VSL-110,02/08/2025 17:54:00,02/15/2025 00:03:00,14.76,4104.09,171,1
SHP-110-0295,VSL-110,03/16/2025 05:54:00,03/26/2025 09:49:00,17.87,8072.53,288.3,0.86
SHP-110-0296,VSL-110,02/03/2025 18:26:00,02/08/2025 22:34:00,18.41,4232.03,176.33,1
SHP-110-0297,VSL-110,05/15/2025 06:50:00,05/17/2025 11:14:00,16.14,1566.38,65.27,1
SHP-110-0298,VSL-110,01/28/2025 03:51:00,02/01/2025 07:05:00,15.12,2778.78,115.78,1
SHP-111-0299,VSL-111,09/21/2025 21:32:00,09/27/2025 17:59:00,10.12,2632.12,109.67,1
SHP-111-0300,VSL-111,07/18/2025 12:14:00,07/25/2025 23:08:00,13.5,4472.73,159.74,0.86
SHP-111-0301,VSL-111,01/04/2025 22:38:00,01/08/2025 09:45:00,17.64,2715.57,96.98,0.86
SHP-111-0302,VSL-111,11/13/2024 08:50:00,11/16/2024 14:59:00,17.69,2560.04,106.67,1
SHP-111-0303,VSL-111,02/05/2025 06:44:00,02/15/2025 11:07:00,17.75,8033.35,334.72,1
SHP-111-0304,VSL-111,09/15/2025 03:58:00,09/25/2025 07:15:00,19.68,8866.76,369.45,1
SHP-111-0305,VSL-111,05/08/2025 05:47:00,05/10/2025 00:44:00,17.48,1390.53,57.94,1
SHP-111-0306,VSL-111,08/13/2025 23:57:00,08/18/2025 18:22:00,13.72,2907.32,145.37,1.2
SHP-111-0307,VSL-111,06/30/2025 01:24:00,07/03/2025 01:32:00,11.22,1498.62,62.44,1
SHP-111-0308,VSL-111,10/13/2024 04:09:00,10/19/2024 09:41:00,12.86,3561.22,148.38,1
SHP-111-0309,VSL-111,09/12/2025 08:51:00,09/20/2025 16:54:00,14.61,5412.79,225.53,1
SHP-111-0310,VSL-111,08/31/2025 05:11:00,09/07/2025 15:24:00,11.77,3884.62,161.86,1
SHP-111-0311,VSL-111,10/02/2024 02:53:00,10/04/2024 22:23:00,17.26,2157.94,89.91,1
SHP-111-0312,VSL-111,12/29/2024 08:26:00,01/03/2025 06:41:00,18.41,4031.68,143.99,0.86
SHP-111-0313,VSL-111,08/11/2025 09:58:00,08/19/2025 11:30:00,15.65,5609.34,200.33,0.86
SHP-111-0314,VSL-111,05/19/2025 18:13:00,05/21/2025 21:21:00,17.61,1667.79,83.39,1.2
SHP-111-0315,VSL-111,03/20/2025 05:32:00,03/25/2025 13:09:00,19.92,4707.81,235.39,1.2
SHP-111-0316,VSL-111,08/13/2025 14:52:00,08/20/2025 20:07:00,12.04,3863.33,160.97,1
SHP-111-0317,VSL-111,04/21/2025 06:40:00,04/27/2025 16:59:00,15.54,4441.66,185.07,1
SHP-111-0318,VSL-111,06/21/2025 08:28:00,06/29/2025 17:11:00,17.46,6490.68,231.81,0.86
SHP-111-0319,VSL-111,04/22/2025 20:52:00,04/30/2025 12:15:00,14.49,4921.4,175.76,0.86
SHP-111-0320,VSL-111,07/21/2025 02:19:00,07/30/2025 23:52:00,13.92,6123.94,255.16,1
SHP-111-0321,VSL-111,03/29/2025 21:08:00,04/01/2025 03:06:00,10.93,1092.27,45.51,1
SHP-111-0322,VSL-111,01/03/2025 08:39:00,01/09/2025 08:06:00,10.65,2829.18,117.88,1
SHP-111-0323,VSL-111,07/09/2025 10:51:00,07/14/2025 22:18:00,12.7,3091.73,128.82,1
SHP-111-0324,VSL-111,08/09/2025 15:47:00,08/19/2025 17:53:00,10.59,4748.46,197.85,1
SHP-111-0325,VSL-111,07/15/2025 23:15:00,07/21/2025 01:28:00,13.28,3005.9,150.29,1.2
SHP-111-0326,VSL-111,09/21/2025 08:48:00,09/26/2025 10:17:00,15.98,3595.58,149.82,1
SHP-111-0327,VSL-111,01/10/2025 15:33:00,01/17/2025 22:31:00,14.1,4568.71,190.36,1
SHP-112-0328,VSL-112,02/21/2025 21:49:00,03/01/2025 12:46:00,11.84,4011.57,167.15,1
SHP-112-0329,VSL-112,01/10/2025 00:52:00,01/20/2025 09:40:00,15.18,6994.42,291.43,1
SHP-112-0330,VSL-112,02/06/2025 00:09:00,02/11/2025 02:54:00,14.3,3251.24,135.47,1
SHP-112-0331,VSL-112,07/24/2025 10:49:00,08/02/2025 20:38:00,17.28,7226.61,301.11,1
SHP-112-0332,VSL-112,07/07/2025 17:03:00,07/18/2025 01:42:00,11.59,5337.34,222.39,1
SHP-112-0333,VSL-112,10/14/2024 06:16:00,10/17/2024 03:15:00,10.69,1365.8,48.78,0.86
SHP-112-0334,VSL-112,08/24/2025 02:28:00,08/29/2025 17:17:00,19.06,4758.85,169.96,0.86
SHP-112-0335,VSL-112,05/29/2025 01:57:00,06/09/2025 09:55:00,10.34,5208.09,186,0.86
SHP-112-0336,VSL-112,10/07/2024 07:34:00,10/18/2024 09:37:00,13.47,6637.1,237.04,0.86
SHP-112-0337,VSL-112,08/13/2025 00:24:00,08/22/2025 04:04:00,12.6,5125.78,256.29,1.2
SHP-112-0338,VSL-112,11/28/2024 01:36:00,12/03/2024 07:18:00,11.98,2789.06,116.21,1
SHP-112-0339,VSL-112,03/04/2025 04:38:00,03/07/2025 15:43:00,11.51,1771.07,73.79,1
SHP-112-0340,VSL-112,06/23/2025 12:44:00,06/27/2025 15:34:00,15.23,2787.61,99.56,0.86
SHP-112-0341,VSL-112,05/03/2025 16:04:00,05/12/2025 11:09:00,14.85,5805.29,241.89,1
SHP-112-0342,VSL-112,08/01/2025 10:54:00,08/08/2025 17:13:00,16.69,5388.07,224.5,1
SHP-112-0343,VSL-112,12/22/2024 04:21:00,12/31/2024 05:16:00,15.13,6078.1,217.07,0.86
SHP-112-0344,VSL-112,01/31/2025 02:43:00,02/02/2025 13:17:00,12.01,1302.81,54.28,1
SHP-112-0345,VSL-112,12/03/2024 05:13:00,12/08/2024 08:01:00,18.78,4271.16,177.96,1
SHP-112-0346,VSL-112,07/21/2025 15:14:00,07/27/2025 06:57:00,19.85,4989.2,207.88,1
SHP-112-0347,VSL-112,11/08/2024 03:24:00,11/16/2024 00:22:00,11.05,3867.14,161.13,1
SHP-112-0348,VSL-112,06/04/2025 05:01:00,06/12/2025 03:28:00,12.04,4246.79,151.67,0.86
SHP-112-0349,VSL-112,02/23/2025 20:09:00,03/04/2025 06:49:00,13.96,5239.53,218.31,1
SHP-112-0350,VSL-112,01/04/2025 22:03:00,01/07/2025 19:28:00,16.96,2180.49,90.85,1
SHP-112-0351,VSL-112,02/18/2025 06:15:00,02/21/2025 02:40:00,19.84,2514.25,104.76,1
SHP-112-0352,VSL-112,11/21/2024 07:28:00,11/24/2024 18:31:00,16.54,2543.77,127.19,1.2
SHP-112-0353,VSL-112,11/04/2024 14:18:00,11/12/2024 05:03:00,15.05,5093.78,212.24,1
SHP-112-0354,VSL-112,02/27/2025 13:41:00,03/02/2025 02:40:00,16.35,1846.63,65.95,0.86
SHP-112-0355,VSL-112,02/25/2025 14:49:00,03/01/2025 21:03:00,17.19,3254.48,116.23,0.86
SHP-112-0356,VSL-112,12/05/2024 03:10:00,12/12/2024 23:58:00,11.87,4150.58,172.94,1
SHP-112-0357,VSL-112,01/04/2025 18:52:00,01/13/2025 20:55:00,14.71,5940.39,212.16,0.86
SHP-112-0358,VSL-112,10/03/2024 14:35:00,10/12/2024 03:54:00,18.28,6950.8,289.62,1
SHP-112-0359,VSL-112,03/17/2025 09:32:00,03/21/2025 14:45:00,11.42,2140.58,107.03,1.2
SHP-112-0360,VSL-112,12/08/2024 21:52:00,12/17/2024 00:41:00,16.51,5956.77,248.2,1
SHP-112-0361,VSL-112,07/31/2025 20:37:00,08/05/2025 17:33:00,16.34,3538.78,147.45,1
SHP-112-0362,VSL-112,09/28/2025 01:36:00,10/03/2025 07:14:00,10.7,2489.66,103.74,1
SHP-113-0363,VSL-113,12/21/2024 14:06:00,12/31/2024 05:43:00,16.94,7266.26,302.76,1
SHP-113-0364,VSL-113,04/12/2025 21:59:00,04/16/2025 23:19:00,10.33,1862.04,77.59,1
SHP-113-0365,VSL-113,03/14/2025 12:17:00,03/22/2025 23:16:00,16.65,6259.23,312.96,1.2
SHP-113-0366,VSL-113,10/15/2024 08:43:00,10/23/2024 12:47:00,14.47,5254.32,218.93,1
SHP-113-0367,VSL-113,07/26/2025 13:44:00,08/02/2025 01:15:00,14.23,4098.44,204.92,1.2
SHP-113-0368,VSL-113,06/08/2025 06:37:00,06/16/2025 13:53:00,12.8,4723.46,236.17,1.2
SHP-113-0369,VSL-113,11/08/2024 10:07:00,11/14/2024 19:19:00,19.63,5569.18,198.9,0.86
SHP-113-0370,VSL-113,03/02/2025 01:35:00,03/12/2025 19:15:00,11.13,5311.14,189.68,0.86
SHP-113-0371,VSL-113,10/10/2024 09:50:00,10/19/2024 18:38:00,13.01,5416.38,193.44,0.86
SHP-113-0372,VSL-113,07/11/2025 14:40:00,07/15/2025 19:10:00,17.43,3244.05,115.86,0.86
SHP-113-0373,VSL-113,04/04/2025 02:51:00,04/07/2025 08:56:00,12.4,1793.12,64.04,0.86
SHP-113-0374,VSL-113,08/11/2025 19:00:00,08/14/2025 19:16:00,19.95,2669.94,111.25,1
SHP-113-0375,VSL-113,12/07/2024 21:59:00,12/17/2024 22:47:00,10.94,4878.82,174.24,0.86
SHP-113-0376,VSL-113,03/07/2025 09:20:00,03/11/2025 22:44:00,15.72,3184.71,132.7,1
SHP-113-0377,VSL-113,03/16/2025 17:31:00,03/24/2025 23:07:00,16.02,5862.69,293.13,1.2
SHP-113-0378,VSL-113,09/04/2025 20:08:00,09/14/2025 18:47:00,16.31,7208.56,257.45,0.86
SHP-113-0379,VSL-113,08/31/2025 21:12:00,09/10/2025 05:38:00,13.85,5756.7,287.83,1.2
SHP-113-0380,VSL-113,11/14/2024 10:32:00,11/21/2024 19:04:00,17.44,5701.86,237.58,1
SHP-113-0381,VSL-113,11/21/2024 19:20:00,11/29/2024 07:03:00,14.72,4899.71,174.99,0.86
SHP-113-0382,VSL-113,02/28/2025 16:25:00,03/09/2025 01:24:00,13.31,4954.43,206.43,1
SHP-114-0383,VSL-114,04/27/2025 14:06:00,05/02/2025 01:39:00,10.06,2003.82,83.49,1
SHP-114-0384,VSL-114,08/23/2025 17:57:00,09/02/2025 01:42:00,11.08,4591.22,229.56,1.2
SHP-114-0385,VSL-114,12/15/2024 18:52:00,12/24/2024 06:37:00,13.97,5271.19,219.63,1
SHP-114-0386,VSL-114,07/03/2025 14:03:00,07/12/2025 19:51:00,13.45,5524.9,276.25,1.2
SHP-114-0387,VSL-114,10/13/2024 16:39:00,10/19/2024 20:53:00,11.31,3104.83,129.37,1
SHP-114-0388,VSL-114,04/17/2025 06:21:00,04/20/2025 11:05:00,14.11,2005.5,71.63,0.86
SHP-114-0389,VSL-114,08/16/2025 15:10:00,08/20/2025 03:14:00,10.02,1559.88,64.99,1
SHP-114-0390,VSL-114,07/13/2025 21:32:00,07/18/2025 22:55:00,10.6,2382.85,119.14,1.2
SHP-114-0391,VSL-114,11/15/2024 12:43:00,11/20/2024 22:29:00,11.21,2694.01,134.7,1.2
SHP-114-0392,VSL-114,11/24/2024 04:46:00,11/30/2024 06:18:00,13.55,3652.21,152.18,1
SHP-114-0393,VSL-114,04/28/2025 07:49:00,05/02/2025 08:01:00,10.1,1799.31,74.97,1
SHP-114-0394,VSL-114,07/19/2025 09:01:00,07/27/2025 10:16:00,18.74,6707.06,279.46,1
SHP-114-0395,VSL-114,11/26/2024 19:29:00,12/05/2024 18:37:00,14.22,5665.55,236.06,1
SHP-114-0396,VSL-114,03/10/2025 18:23:00,03/18/2025 23:34:00,10.44,3812.5,190.62,1.2
SHP-114-0397,VSL-114,09/29/2025 18:02:00,10/06/2025 23:02:00,16.92,5421.14,271.06,1.2
SHP-114-0398,VSL-114,07/28/2025 12:46:00,08/02/2025 01:26:00,14.46,2910.38,121.27,1
SHP-114-0399,VSL-114,10/25/2024 19:17:00,11/05/2024 03:54:00,15.82,7284.58,303.52,1
SHP-114-0400,VSL-114,08/18/2025 17:56:00,08/25/2025 01:24:00,13.75,3857.35,160.72,1
SHP-114-0401,VSL-114,07/23/2025 22:52:00,07/27/2025 14:33:00,16.46,2673.19,95.47,0.86
SHP-114-0402,VSL-114,03/27/2025 05:08:00,03/29/2025 15:51:00,13.11,1425.48,71.27,1.2
SHP-114-0403,VSL-114,09/05/2025 12:35:00,09/11/2025 18:08:00,14.54,4027.22,167.8,1
SHP-114-0404,VSL-114,03/03/2025 17:51:00,03/11/2025 14:56:00,15.05,5270.03,263.5,1.2
SHP-114-0405,VSL-114,11/06/2024 17:38:00,11/09/2024 00:58:00,11.6,1188.62,49.53,1
SHP-114-0406,VSL-114,06/28/2025 02:56:00,07/06/2025 00:44:00,11.16,3923.11,196.16,1.2
SHP-114-0407,VSL-114,12/29/2024 02:36:00,01/05/2025 23:45:00,19.84,6950.15,289.59,1
SHP-115-0408,VSL-115,08/13/2025 02:40:00,08/17/2025 15:40:00,13.4,2705.02,96.61,0.86
SHP-115-0409,VSL-115,06/10/2025 11:16:00,06/14/2025 11:00:00,18.34,3251.99,162.6,1.2
SHP-115-0410,VSL-115,05/28/2025 03:52:00,06/07/2025 10:08:00,10.58,4825.56,172.34,0.86
SHP-115-0411,VSL-115,11/17/2024 20:36:00,11/26/2024 08:05:00,11.39,4292.57,178.86,1
SHP-115-0412,VSL-115,06/08/2025 09:48:00,06/11/2025 15:00:00,19.94,2850.75,142.54,1.2
SHP-115-0413,VSL-115,08/26/2025 00:42:00,09/01/2025 09:32:00,10.39,2940.79,147.04,1.2
SHP-115-0414,VSL-115,10/22/2024 04:19:00,10/27/2024 08:25:00,19.64,4513.64,188.07,1
SHP-115-0415,VSL-115,09/11/2025 03:54:00,09/13/2025 06:01:00,17.91,1662.01,69.25,1
SHP-115-0416,VSL-115,06/23/2025 02:47:00,06/29/2025 03:38:00,11.49,3082.48,128.44,1
SHP-115-0417,VSL-115,01/10/2025 19:32:00,01/15/2025 22:29:00,13.75,3131.01,130.46,1
SHP-115-0418,VSL-115,06/30/2025 09:47:00,07/08/2025 20:08:00,15.11,5662.81,235.95,1
SHP-115-0419,VSL-115,01/29/2025 12:55:00,02/01/2025 15:58:00,18.28,2540.62,105.86,1
SHP-115-0420,VSL-115,02/05/2025 00:42:00,02/12/2025 22:59:00,12,4228.92,176.2,1
SHP-115-0421,VSL-115,08/25/2025 12:24:00,08/30/2025 12:14:00,15.1,3351.31,139.64,1
SHP-115-0422,VSL-115,06/16/2025 17:49:00,06/20/2025 17:54:00,14.77,2627.96,109.5,1
SHP-115-0423,VSL-115,02/22/2025 05:41:00,02/28/2025 02:01:00,18.04,4688.64,167.45,0.86
SHP-115-0424,VSL-115,09/15/2025 08:10:00,09/17/2025 20:20:00,19.98,2225.89,92.75,1
SHP-115-0425,VSL-115,05/12/2025 16:57:00,05/16/2025 07:38:00,17.4,2793.27,99.76,0.86
SHP-115-0426,VSL-115,05/08/2025 23:28:00,05/13/2025 06:47:00,16.59,3174.23,132.26,1
SHP-115-0427,VSL-115,04/16/2025 15:57:00,04/18/2025 17:45:00,10.78,994.35,41.43,1
SHP-115-0428,VSL-115,09/27/2025 13:55:00,09/30/2025 00:00:00,11.11,1195.23,59.76,1.2
SHP-115-0429,VSL-115,09/21/2025 16:23:00,09/28/2025 15:27:00,10.5,3248.84,135.37,1
SHP-115-0430,VSL-115,12/26/2024 13:46:00,01/06/2025 16:40:00,18.03,8911.96,318.28,0.86
SHP-115-0431,VSL-115,01/18/2025 13:08:00,01/25/2025 04:02:00,16.4,4826.04,172.36,0.86
SHP-116-0432,VSL-116,08/01/2025 17:22:00,08/09/2025 18:41:00,11.23,4020.64,167.53,1
SHP-116-0433,VSL-116,07/29/2025 09:16:00,08/04/2025 19:37:00,12.42,3550.36,147.93,1
SHP-116-0434,VSL-116,10/03/2024 15:19:00,10/12/2024 00:35:00,15.2,5666.01,202.36,0.86
SHP-116-0435,VSL-116,07/22/2025 17:41:00,07/31/2025 15:22:00,16.3,6450.51,230.38,0.86
SHP-116-0436,VSL-116,04/09/2025 20:41:00,04/12/2025 03:01:00,10,1006.19,41.92,1
SHP-116-0437,VSL-116,09/23/2025 13:39:00,09/29/2025 23:45:00,12.47,3559.13,127.11,0.86
SHP-116-0438,VSL-116,07/18/2025 08:43:00,07/21/2025 22:22:00,12.7,2014.39,100.72,1.2
SHP-116-0439,VSL-116,05/19/2025 00:20:00,05/20/2025 21:54:00,19.1,1612.32,67.18,1
SHP-116-0440,VSL-116,01/31/2025 13:39:00,02/09/2025 10:56:00,14.94,5901.01,210.75,0.86
SHP-116-0441,VSL-116,10/29/2024 18:11:00,11/04/2024 14:18:00,16.66,4323.43,154.41,0.86
SHP-116-0442,VSL-116,03/31/2025 03:04:00,04/07/2025 12:15:00,12.98,4259.32,212.97,1.2
SHP-116-0443,VSL-116,01/28/2025 19:21:00,02/06/2025 20:02:00,19.57,7853.16,327.22,1
SHP-116-0444,VSL-116,08/21/2025 15:23:00,08/28/2025 16:48:00,12.09,3793.56,158.06,1
SHP-116-0445,VSL-116,08/15/2025 15:00:00,08/19/2025 15:07:00,18.5,3293.33,164.67,1.2
SHP-116-0446,VSL-116,11/09/2024 10:23:00,11/13/2024 14:40:00,18.8,3491.83,174.59,1.2
SHP-116-0447,VSL-116,08/16/2025 22:29:00,08/25/2025 00:32:00,16.52,5936.9,296.84,1.2
SHP-116-0448,VSL-116,12/16/2024 16:57:00,12/27/2024 08:51:00,17.13,8118.37,338.27,1
SHP-116-0449,VSL-116,10/17/2024 12:22:00,10/26/2024 21:13:00,15.16,6312.83,263.03,1
SHP-116-0450,VSL-116,02/26/2025 12:30:00,03/06/2025 17:00:00,13.79,5018.24,179.22,0.86
SHP-116-0451,VSL-116,05/27/2025 10:44:00,06/01/2025 20:21:00,10.1,2424.57,101.02,1
SHP-116-0452,VSL-116,11/04/2024 07:11:00,11/10/2024 08:16:00,13.12,3525.44,146.89,1
SHP-116-0453,VSL-116,07/31/2025 21:41:00,08/08/2025 02:37:00,17.7,5668.76,236.2,1
SHP-116-0454,VSL-116,01/13/2025 20:05:00,01/18/2025 14:09:00,12.93,2731.45,136.57,1.2
SHP-116-0455,VSL-116,04/02/2025 02:52:00,04/12/2025 12:06:00,16.46,7597.32,271.33,0.86
SHP-116-0456,VSL-116,06/13/2025 08:06:00,06/18/2025 07:31:00,18.99,4199.51,174.98,1
SHP-116-0457,VSL-116,08/25/2025 04:48:00,08/29/2025 15:57:00,12.28,2436.73,87.03,0.86
